user_id,day_type,work_hours,screen_time_hours,meetings_count,breaks_taken,after_hours_work,sleep_hours,task_completion_rate,burnout_score,burnout_risk
1,Weekday,9.59,11.86,4,2,0,7.55,91.2,19.17,Low
1,Weekend,7.38,10.33,4,1,0,6.69,82,29.7,Low
1,Weekend,6.31,8.92,1,2,0,8.87,80.6,32.93,Low
1,Weekday,8.34,10.7,4,1,1,8.13,70,45.47,Low
1,Weekend,6.97,9.83,1,2,0,5.85,67.1,51.61,Low
1,Weekday,7.24,9.09,1,4,0,7.53,69.1,54.16,Low
1,Weekday,8.09,11.64,6,3,1,5.04,58.4,68.83,Low
1,Weekday,7.15,9.98,3,4,0,5.89,46.9,78.89,Medium
1,Weekday,8.72,11.8,1,2,0,6.19,49.8,84.39,Medium
1,Weekend,5.93,9.17,0,4,0,7.88,55.6,83.86,Medium
2,Weekend,3,6.81,3,5,1,7.49,84.2,17.37,Low
2,Weekday,7.96,11.25,3,3,0,6.23,98.3,14.76,Low
2,Weekend,5.05,7.38,0,5,0,5.76,84.5,20.89,Low
2,Weekend,3.79,6.12,3,1,1,5.81,90.3,20.52,Low
2,Weekend,4.69,7.09,1,5,1,7.92,85.8,23.1,Low
2,Weekend,3,5.05,0,3,1,7.75,85.1,23.44,Low
2,Weekday,6.49,9.6,3,1,0,7.37,79,28.23,Low
2,Weekday,10.04,11.83,3,3,1,7.6,80.7,31.62,Low
2,Weekend,3.12,5.08,0,4,0,6.65,77.3,32.6,Low
2,Weekday,6.83,8.81,7,5,0,6.03,74.4,36.7,Low
3,Weekend,4.49,6.53,2,1,0,6.21,103,3.78,Low
3,Weekend,5.47,8.1,2,2,1,7.97,92.3,9.83,Low
3,Weekday,7.71,11.12,1,1,0,7.57,86,14.72,Low
3,Weekday,8.94,12.85,4,2,0,6.79,84.4,19.01,Low
3,Weekday,6.99,8.58,1,5,0,6.51,90.1,18.12,Low
3,Weekday,7.69,9.7,6,4,1,5.3,86.7,23.36,Low
3,Weekday,10.01,13.75,3,4,0,6.51,79.3,29.98,Low
3,Weekend,3.85,7.57,1,5,0,5.49,82.8,29.12,Low
3,Weekend,4.31,7.55,3,1,0,7.3,80.8,31.2,Low
3,Weekend,5.54,8.48,2,3,0,7.79,78.6,33.26,Low
4,Weekday,9.43,12.64,3,1,0,5.32,98.4,18.66,Low
4,Weekend,3.81,7.4,2,4,1,8.55,89.3,24.25,Low
4,Weekend,4.6,6.58,0,4,1,8.06,86.4,26.79,Low
4,Weekend,5.42,7.17,1,3,0,6.76,81.1,31.26,Low
4,Weekend,5.5,9.35,2,1,0,6.85,75,38.22,Low
4,Weekend,3.28,5.87,1,2,0,6.59,78.3,37.68,Low
4,Weekend,4.91,8.74,0,5,0,8.54,76.1,38.86,Low
4,Weekday,9.24,11.96,2,4,0,10.06,77.9,43.47,Low
4,Weekend,6.05,7.89,1,5,1,5.37,59.2,55.61,Low
4,Weekday,9.01,12.18,4,1,0,6.94,56.2,66.05,Low
5,Weekday,10.73,12.33,3,4,0,7.55,83.7,19.12,Low
5,Weekend,5.59,7.2,0,1,0,6.51,93.5,17.49,Low
5,Weekend,3.78,6.39,1,1,0,5.11,80,24.92,Low
5,Weekend,6.54,9.05,1,3,0,7.6,86.6,24.99,Low
5,Weekday,10,13.71,1,5,0,5.85,77.9,34.9,Low
5,Weekend,4.09,5.96,0,5,1,7.15,82.5,33.75,Low
5,Weekend,3.36,5.03,2,4,0,7.07,67.6,39.77,Low
5,Weekday,6.92,9.62,1,2,0,7.04,74.3,40.78,Low
5,Weekday,8.91,12.54,5,2,1,7.1,71.4,50.65,Low
5,Weekend,4.74,8.49,0,5,0,8.71,60.8,54.85,Low
6,Weekend,4.78,6.56,2,3,0,7.58,97.5,8.29,Low
6,Weekday,6.12,9.64,2,2,1,5.87,82.9,20.43,Low
6,Weekday,8.82,11.33,4,2,0,6.64,87.3,26.64,Low
6,Weekend,4.22,7.35,2,4,0,6.31,87.3,28.52,Low
6,Weekend,5.65,7.69,2,1,0,8.07,73.8,36.97,Low
6,Weekend,3.34,5.52,0,5,0,8.28,85.1,30.66,Low
6,Weekend,4.03,6.54,0,1,0,6.73,79.6,34.08,Low
6,Weekday,9.56,11.94,3,1,0,7.66,74.5,44.12,Low
6,Weekday,8.01,10.18,6,5,0,4.5,58.7,58.57,Low
6,Weekend,3.49,5.13,1,2,0,6.58,71.1,54.23,Low
7,Weekend,3.74,6.03,0,1,1,7.08,96.7,9.09,Low
7,Weekend,5.89,9.56,2,2,1,6.88,93.1,14.62,Low
7,Weekday,7.24,9.94,3,3,0,4.69,81.6,24.06,Low
7,Weekday,9.34,13.04,4,4,0,8.12,74.7,32.3,Low
7,Weekend,4.63,6.32,2,5,0,7.86,69.8,34.7,Low
7,Weekend,3.94,7.56,1,5,0,6.73,78.9,31.55,Low
7,Weekday,8.74,10.26,2,5,1,7.05,69.2,40.32,Low
7,Weekday,7.2,9.54,0,1,0,7.3,70,43.07,Low
7,Weekday,8.49,11.63,2,5,0,8.69,68.1,47.31,Low
7,Weekend,3.71,7.38,1,4,0,9.11,79.4,42.42,Low
8,Weekend,4.14,7.09,1,3,1,6.02,98.8,9.1,Low
8,Weekend,6.84,8.77,1,3,0,6.22,81.8,21.84,Low
8,Weekday,7.88,9.67,2,3,0,6.2,77.5,31.84,Low
8,Weekday,7.13,10.22,6,4,1,7.56,71.4,45.6,Low
8,Weekend,6.62,8.82,0,5,0,6.46,75.4,47.78,Low
8,Weekend,3,5.54,1,3,1,6.59,62.1,55.25,Low
8,Weekend,6.34,9.65,0,2,0,7.68,58.2,61.3,Low
8,Weekday,9,11.49,5,3,0,6.23,47.3,78.28,Medium
8,Weekday,7.69,10.24,4,2,0,5.61,42.3,91.17,Medium
8,Weekend,3.91,7.38,0,1,1,5.92,40.9,96.5,Medium
9,Weekend,6.89,9.89,1,1,1,6.56,86.4,16.7,Low
9,Weekend,4.01,6.06,2,4,1,8.43,95.9,14.02,Low
9,Weekday,9.24,12.51,0,2,1,7.58,81.2,25.29,Low
9,Weekend,3.49,5.18,1,3,0,7.52,94.2,19.95,Low
9,Weekend,3.94,6.1,0,2,1,7.95,79.8,26.72,Low
9,Weekend,3,6.45,2,2,1,6.86,79.5,28.62,Low
9,Weekend,3.88,7.04,0,1,1,6.13,85.7,28.29,Low
9,Weekend,5.19,8.24,0,1,1,6.3,82.8,32.5,Low
9,Weekend,5.03,9.03,0,5,0,5.48,75.8,36.75,Low
9,Weekday,5.98,8.84,2,4,1,6.53,71.8,41.86,Low
10,Weekend,4.33,7.87,0,3,0,6.7,90.2,12.76,Low
10,Weekday,8.29,10.67,2,1,0,6.66,89,21.98,Low
10,Weekend,4.6,6.84,2,5,1,7,89.2,25.3,Low
10,Weekday,8.07,9.92,6,2,0,8.96,59.2,46.19,Low
10,Weekday,6.18,8.02,4,1,1,7.07,63.6,52.92,Low
10,Weekend,4.75,7.27,0,2,0,8.12,64.1,53.89,Low
10,Weekend,3,4.52,0,4,1,9.33,67.4,51.02,Low
10,Weekday,8.29,10.24,2,1,0,4.68,58.7,64.32,Low
10,Weekday,7.78,10.9,4,2,1,5.08,52.2,79.07,Medium
10,Weekend,5.34,8.84,1,1,0,7.61,45.7,85.6,Medium
11,Weekday,6.85,9.33,0,5,0,6.26,91.8,17.07,Low
11,Weekday,7.7,10.39,3,1,0,6.34,83.2,30.46,Low
11,Weekday,6.58,10.54,0,3,0,6.21,70.2,41.38,Low
11,Weekend,5.77,9.67,1,2,1,6.32,59.7,53.2,Low
11,Weekend,3.98,7.67,0,4,1,7.95,56.4,56.39,Low
11,Weekend,4.81,8.61,1,3,1,6.75,55.2,62.21,Low
11,Weekend,5.32,8.85,1,1,0,6.53,54.1,67.77,Low
11,Weekend,5.13,7.5,1,5,0,4.5,54.3,71.46,Medium
11,Weekday,8.78,10.64,0,3,0,5.97,48.7,81.87,Medium
11,Weekday,9.19,12.68,1,1,0,6.3,41.1,95.98,Medium
12,Weekday,8.16,11.7,4,1,0,5.41,85.2,22.74,Low
12,Weekend,5.08,8.75,1,4,1,7.91,77.7,28.95,Low
12,Weekday,7.97,11,5,4,0,7.18,86.3,32.82,Low
12,Weekend,5.59,8.54,2,2,0,6.54,75.1,41.39,Low
12,Weekday,8.62,12.18,3,1,0,4.6,68.5,53.76,Low
12,Weekend,3,5.23,2,4,0,7.5,67.4,53.8,Low
12,Weekend,3,5.22,0,3,0,7.75,66.7,52.84,Low
12,Weekend,5.29,8.8,1,1,0,5.85,59.8,59.74,Low
12,Weekend,3.73,5.91,1,5,0,7.63,62.1,58.22,Low
12,Weekend,3,4.76,0,5,1,6.23,59.1,59.59,Low
13,Weekday,8.88,12.02,5,4,0,9.76,80,22.36,Low
13,Weekday,9.22,12.23,1,3,0,5.03,75.5,30.86,Low
13,Weekday,8.74,10.66,5,2,0,5.66,77.8,37.77,Low
13,Weekend,5.06,7.74,2,3,1,6.82,74.4,42.75,Low
13,Weekend,5.65,8.62,2,4,0,8.45,68.9,46.89,Low
13,Weekend,3.86,7.76,1,1,0,7.42,68.3,48.63,Low
13,Weekday,7.14,10.72,2,4,0,7.55,62,55.11,Low
13,Weekday,10.04,13.72,1,5,0,6.38,56.3,63.82,Low
13,Weekend,4.74,6.71,2,4,1,7.31,65.3,62.8,Low
13,Weekend,3,5.08,2,4,0,6.37,63,63.84,Low
14,Weekend,3,5.17,1,5,0,4.7,88.5,11.02,Low
14,Weekend,4.24,8.15,2,5,0,7.73,94.9,9.23,Low
14,Weekend,5.05,8.5,1,2,0,4.96,91.4,13.35,Low
14,Weekday,9.76,13.69,2,2,0,7.75,83.8,22.16,Low
14,Weekday,7.53,10.9,1,2,0,6.09,86.2,25.43,Low
14,Weekday,8.03,11.08,2,4,1,7.24,70.7,36.54,Low
14,Weekday,7.88,10.44,3,1,1,7.7,68.8,42.97,Low
14,Weekend,5.13,8.16,2,1,0,7.31,69.2,45.23,Low
14,Weekend,4.08,7.27,1,3,0,6.3,75.7,43.8,Low
14,Weekend,4.4,8.24,2,3,1,5.68,71.7,48.61,Low
15,Weekday,8.02,11.61,4,3,1,7.25,82.6,25.75,Low
15,Weekend,4.71,7.84,2,3,0,7.54,78,30.57,Low
15,Weekday,7.56,9.28,2,5,1,7.79,83.4,35.76,Low
15,Weekday,8.89,11.58,7,2,0,7.9,64,56.49,Low
15,Weekday,8.83,12.06,2,2,1,6.74,49.6,74.52,Medium
15,Weekday,9.96,13.02,3,1,0,8.69,40,90,Medium
15,Weekend,5.2,8.68,2,2,0,6.15,40,95.41,Medium
15,Weekday,7.87,10.43,4,3,0,5.39,40,105.92,Medium
15,Weekday,9.05,11.45,2,3,1,7.09,40,117.35,High
15,Weekday,5.69,9.32,0,5,1,8.65,40,120.7,High
16,Weekday,10.13,13.13,2,5,1,6.32,92,15.64,Low
16,Weekend,4.93,8.07,0,2,0,7.22,89.2,18.13,Low
16,Weekend,3,6.33,1,5,1,6.61,91.8,17.84,Low
16,Weekend,3.37,7.25,2,2,1,6.98,86.6,22.18,Low
16,Weekday,8.48,11.67,3,2,1,5.82,66.6,37.16,Low
16,Weekday,6.97,9.21,2,5,1,6.53,75.6,37.67,Low
16,Weekday,7.93,10.56,2,5,0,7.51,83,38.16,Low
16,Weekday,10.09,11.81,1,5,1,7.98,73,47.61,Low
16,Weekend,4.74,8.71,1,2,1,6.4,65,54.03,Low
16,Weekday,7.87,10.8,2,3,0,4.5,72.2,56.37,Low
17,Weekend,5.41,8,1,2,0,6.53,94.5,8.44,Low
17,Weekday,8.18,11.19,3,5,1,6.21,88.3,17.34,Low
17,Weekday,8.83,12,2,1,0,6.85,84,25.41,Low
17,Weekend,3.7,6.45,1,4,0,7.26,85.5,24.95,Low
17,Weekday,7.14,10.24,1,2,0,5.62,81.3,31.22,Low
17,Weekday,8.18,10.71,8,2,1,6.69,73.3,43.64,Low
17,Weekend,6.35,7.94,1,1,1,5.42,61.4,53.43,Low
17,Weekday,8.93,10.99,2,1,0,5.92,61.4,59.92,Low
17,Weekend,4.64,6.18,1,1,1,6.73,54.6,65.58,Low
17,Weekend,5.82,7.88,0,3,1,7.19,63.1,65.06,Low
18,Weekday,9.89,12.69,1,3,1,5.89,79.4,23.33,Low
18,Weekday,6.76,10.07,3,5,1,5.84,84.3,27.56,Low
18,Weekday,7.71,10.43,4,3,1,8.58,71.8,39.33,Low
18,Weekend,3.95,7.19,1,2,0,5.45,73.5,40.79,Low
18,Weekday,6.44,10.38,2,5,1,6.81,67.3,48.35,Low
18,Weekday,9.36,11.61,4,5,1,8.91,60.8,58.38,Low
18,Weekend,3.08,5.72,0,3,0,4.5,60.5,59.21,Low
18,Weekend,3.32,6.19,0,5,0,6.53,57.6,59.71,Low
18,Weekday,8.69,11.15,2,2,1,8.44,49.5,70.01,Medium
18,Weekend,3.35,5.57,3,3,1,8.01,63.2,66.46,Low
19,Weekday,7.88,11.39,4,1,1,7.64,82,26.85,Low
19,Weekday,8.65,10.52,5,3,0,6.39,72.3,40.81,Low
19,Weekend,4.05,6.41,1,4,1,5.89,64,47.27,Low
19,Weekday,10.07,11.93,1,4,1,6.76,73.7,53.77,Low
19,Weekday,9.07,12.06,3,1,0,7.46,54.6,71.39,Medium
19,Weekday,8.74,12.36,0,5,1,8.18,52,79.75,Medium
19,Weekend,4.87,6.47,1,2,0,8.72,52.3,80.81,Medium
19,Weekday,8.51,10.34,3,4,0,6.29,40,93.86,Medium
19,Weekend,4.19,5.88,0,4,1,8.05,40,94.83,Medium
19,Weekend,3,6.27,1,2,0,6.69,44.5,93.79,Medium
20,Weekend,4.02,6.25,1,3,0,5.99,88.1,14.65,Low
20,Weekend,3,6.94,1,1,1,8.04,95.6,13.5,Low
20,Weekend,4.89,7.58,3,2,0,5.01,86.5,21.44,Low
20,Weekday,7.92,11.19,2,1,1,4.99,88.3,29.53,Low
20,Weekend,4.8,7.9,2,1,1,6.91,69.8,41.44,Low
20,Weekend,4.4,7.86,0,1,0,5.38,69,44.41,Low
20,Weekend,5.1,7.15,2,5,0,6.64,66.9,47.11,Low
20,Weekend,4.32,5.88,1,4,0,6.33,71,46.36,Low
20,Weekday,6.87,9.97,1,4,0,6.95,66.2,51.99,Low
20,Weekday,9.33,12.35,4,4,0,7.08,69.9,58.24,Low
21,Weekend,5.97,8.73,0,3,0,4.96,80.2,19.01,Low
21,Weekend,4.63,6.8,0,1,1,6.72,79.2,22.18,Low
21,Weekend,6.83,8.38,1,1,1,6.15,84,25.61,Low
21,Weekend,6.85,8.53,2,4,0,6.55,70.1,34.73,Low
21,Weekend,5.35,7.41,0,1,1,7.77,74.3,35.97,Low
21,Weekend,4.51,7.58,2,1,0,8.39,71.1,39.1,Low
21,Weekend,4.56,7.3,1,1,1,6.81,70.1,42.83,Low
21,Weekend,3.83,7.12,1,2,1,7.78,73.4,43.55,Low
21,Weekday,9.91,13.76,3,4,1,7.55,65.9,54.85,Low
21,Weekend,6.58,10.51,2,2,0,6.02,59.5,62.24,Low
22,Weekday,9.82,12.08,1,2,1,8.05,74,26.38,Low
22,Weekday,9.68,13.48,5,3,1,7.01,76.2,33.16,Low
22,Weekend,5.81,7.99,2,3,0,6.86,78.4,34.59,Low
22,Weekday,7.91,11.02,4,1,0,5.59,75.8,41.41,Low
22,Weekend,4.9,8.73,0,5,0,7.82,69.5,44.38,Low
22,Weekend,6.91,10.31,1,4,0,7.24,65.2,48.79,Low
22,Weekday,8.22,9.97,6,3,0,6.25,58.2,57.26,Low
22,Weekday,5.37,8.7,2,5,0,7.89,68.3,54.6,Low
22,Weekend,4.71,7.96,1,3,0,6.74,54.2,61.68,Low
22,Weekday,6.99,9.09,2,4,0,5.16,55.4,64.74,Low
23,Weekday,11.64,15.41,2,3,1,8.32,84.5,23.31,Low
23,Weekend,3.27,5.89,0,1,0,5.68,87.1,23.08,Low
23,Weekend,4.32,6.48,0,5,0,7.02,86.3,23.29,Low
23,Weekday,7.65,9.45,1,3,0,9.16,86.6,25.85,Low
23,Weekend,5.81,7.87,3,5,1,7.9,76.4,33.04,Low
23,Weekday,9.43,13.38,4,1,0,6.42,70.4,43.19,Low
23,Weekday,7.85,9.78,2,5,0,8.25,70.2,46.36,Low
23,Weekday,7.84,11.22,1,5,0,8.12,67.2,50.73,Low
23,Weekday,7.57,9.55,6,2,0,8.87,56.7,60.06,Low
23,Weekend,3.75,6.23,1,1,1,7.53,59.3,60.96,Low
24,Weekday,7.37,10.76,5,5,0,7.43,78.5,26.46,Low
24,Weekend,3.07,6.94,0,5,0,7.46,83.8,22.97,Low
24,Weekday,8.26,11.99,3,4,1,5.39,74.6,37.69,Low
24,Weekday,6.54,9.15,1,4,0,7.95,73.3,41.7,Low
24,Weekend,3.66,7.03,1,4,0,6.94,69.9,43.7,Low
24,Weekday,9.72,12.32,2,4,1,8.12,71,53.25,Low
24,Weekend,5.51,7.23,3,5,0,6.09,75.9,55.11,Low
24,Weekday,9.06,11.33,2,2,0,4.81,56.2,73.31,Medium
24,Weekend,3.4,6.44,2,5,1,6.62,45.8,79.81,Medium
24,Weekday,9.53,11.62,3,5,0,7.24,43.2,89.43,Medium
25,Weekday,9.02,11.16,5,4,0,5.23,73.9,27.89,Low
25,Weekday,7.46,9.58,2,3,0,8.07,81.9,30.24,Low
25,Weekend,3.18,6.96,3,1,1,5.81,76,37.99,Low
25,Weekday,8.38,11.19,3,4,0,7.21,73.8,46.72,Low
25,Weekday,9.51,12.64,5,3,0,5.02,61.6,64.37,Low
25,Weekday,8.24,11.08,2,5,0,6.82,55.9,73.49,Medium
25,Weekend,4.44,7.8,0,3,0,6.49,56,75.22,Medium
25,Weekday,8.65,11.2,3,5,0,7.92,50.8,84.49,Medium
25,Weekend,4.92,8.39,1,2,0,7.5,44.7,89.82,Medium
25,Weekday,8.63,12.01,2,3,1,7.06,40,101.79,Medium
26,Weekend,5.83,8.2,1,4,0,6.17,88.5,15.86,Low
26,Weekend,5.13,8.29,1,2,1,7.87,95.1,17.23,Low
26,Weekday,7.69,11.26,2,2,0,8.11,77.7,30.19,Low
26,Weekend,5.07,6.79,2,2,1,7,88,30.5,Low
26,Weekend,6.49,10.12,1,2,0,8.91,70.3,41.17,Low
26,Weekend,6.55,8.34,1,1,0,7.86,71.8,44.52,Low
26,Weekend,4.33,5.87,1,5,0,7.5,82.4,40.2,Low
26,Weekend,4.16,7.26,0,2,0,8.3,77.6,42.55,Low
26,Weekend,3,5.75,1,3,0,7.87,67.9,45.85,Low
26,Weekday,8.12,12.11,4,5,1,6.93,68.3,54.61,Low
27,Weekend,3.87,7.47,0,3,1,8.64,92.3,12.88,Low
27,Weekday,9.38,12.82,3,4,0,7.15,89.8,22.11,Low
27,Weekend,3,6.94,0,2,1,6.98,82.8,26.63,Low
27,Weekday,8.17,9.72,4,2,1,7.87,64,42.74,Low
27,Weekday,8.49,11.91,5,1,0,6.17,58.9,54.81,Low
27,Weekend,3,5.4,2,4,1,5.89,62.6,55.47,Low
27,Weekend,4.54,8.37,0,2,0,6.54,59.5,58.91,Low
27,Weekday,8.86,10.65,2,1,1,7.04,67.1,65.03,Low
27,Weekday,7.74,10.91,3,2,0,6.05,56.2,77.02,Medium
27,Weekend,3.18,4.76,1,3,1,7.62,44.2,82.64,Medium
28,Weekday,7.26,9.03,2,5,1,7.49,88.9,18.35,Low
28,Weekend,4.52,7.89,0,2,1,5.09,76.9,29.02,Low
28,Weekday,8.6,12.6,2,2,0,7.93,76.8,38.9,Low
28,Weekday,8.16,11.09,2,1,0,7.32,64.4,53.47,Low
28,Weekend,3.35,5.67,0,2,1,7,72.4,52.26,Low
28,Weekday,8.48,11.8,3,2,1,7.78,50.5,73.28,Medium
28,Weekday,9.07,10.84,3,3,0,5.7,52.3,83.97,Medium
28,Weekday,7.76,11.02,3,5,0,7.22,40,96.82,Medium
28,Weekend,4.16,6.93,1,4,1,8.09,40,99.22,Medium
28,Weekend,3.45,5.01,0,2,0,7.35,40,98.64,Medium
29,Weekday,9.65,11.49,1,5,1,7.29,83.9,24.39,Low
29,Weekday,8.99,10.66,4,1,0,8.53,76.6,36.45,Low
29,Weekend,5.06,6.93,1,5,0,5.85,78,37.99,Low
29,Weekday,8.66,10.58,1,5,1,6.71,63.2,51.94,Low
29,Weekday,5.95,9.28,1,4,1,8.12,62.7,56.75,Low
29,Weekend,5.93,9.39,1,2,0,8.41,61.5,60.8,Low
29,Weekend,4.39,7.96,2,2,1,5.99,58,67.82,Low
29,Weekend,3.21,7.07,2,5,0,8.65,67.5,63.35,Low
29,Weekday,7.86,10.63,1,5,1,5.93,50.1,78.2,Medium
29,Weekday,8.19,11.12,4,2,0,7.41,48.2,87.92,Medium
30,Weekday,6.9,10.89,5,3,0,6.39,87.2,16.34,Low
30,Weekend,3,4.75,1,4,1,6.89,83.1,18.67,Low
30,Weekday,8.84,11.12,2,4,0,7.49,84.4,23.88,Low
30,Weekend,3.31,7.27,1,1,0,4.5,93.1,23.05,Low
30,Weekday,9.63,13.27,2,5,0,7.25,70.3,39.01,Low
30,Weekday,7.62,10.03,3,4,1,6.65,73.2,44.75,Low
30,Weekend,3.35,6.65,0,5,0,7.59,73.3,43.66,Low
30,Weekend,4.7,8.09,1,4,0,7.02,72.9,45.38,Low
30,Weekday,7.37,10.65,2,1,0,7.09,60.7,56.09,Low
30,Weekend,4.04,6.77,2,2,0,6.52,59.6,58.61,Low
31,Weekday,8.46,11.2,4,5,0,5.84,76,24.75,Low
31,Weekend,3,4.97,0,3,1,8.92,91.8,17.88,Low
31,Weekday,7.65,9.52,6,4,1,6.42,76.7,33.37,Low
31,Weekday,7.21,11.15,1,5,1,5.09,71.5,42.71,Low
31,Weekday,10.4,13.32,3,4,1,7.73,60.4,57.71,Low
31,Weekday,8.1,11.47,1,1,1,5.55,52,70.4,Medium
31,Weekend,4.54,6.47,1,1,1,9.59,58.2,70.14,Medium
31,Weekday,9.04,10.96,4,4,0,5.63,49.7,82.41,Medium
31,Weekend,3.2,5.56,1,3,0,9.9,54.9,78.59,Medium
31,Weekend,3.8,5.58,0,4,0,7.55,50.5,79.52,Medium
32,Weekday,7.74,10.81,3,3,0,7.45,85,20.75,Low
32,Weekday,9.64,13.26,5,2,0,8.14,79.6,37.36,Low
32,Weekday,8.82,11.47,3,3,0,7.83,65.8,53.41,Low
32,Weekday,8.79,12.11,3,4,1,7.76,58.4,68.94,Low
32,Weekend,6.1,7.82,3,4,0,6.14,54.4,76.87,Medium
32,Weekday,10.44,12.38,1,3,1,8.78,40,95.24,Medium
32,Weekday,10.29,11.92,3,4,1,6.77,40,110.22,High
32,Weekday,6.54,9.35,5,5,0,7.62,40,117.77,High
32,Weekday,10.15,14.03,4,2,1,8.79,40,134.04,High
32,Weekday,8.31,11.32,4,4,0,8.17,40,143.92,High
33,Weekend,6.02,7.77,0,4,0,6.28,89.7,16.68,Low
33,Weekday,7.22,10.74,6,3,0,6.55,71.5,34.73,Low
33,Weekday,8.01,10.65,3,2,0,5.74,71.5,45.12,Low
33,Weekday,9.01,10.95,5,3,1,5.21,61.1,64.26,Low
33,Weekday,7.91,10.98,4,5,0,4.83,52.8,77.92,Medium
33,Weekday,9.74,13.26,3,4,0,7.72,40,93.98,Medium
33,Weekday,6.25,9.12,2,2,0,6.37,40,100.57,Medium
33,Weekday,9.97,12.38,2,1,1,5.86,40,115.47,High
33,Weekday,8.91,11.08,1,2,0,5.7,40,125.49,High
33,Weekday,7.35,9.78,7,5,0,7.94,40,134.61,High
34,Weekday,8.5,10.55,2,5,1,6.22,84.6,22.33,Low
34,Weekend,6.13,10.1,1,1,0,6.38,79.2,29.27,Low
34,Weekday,9.59,12.12,6,2,1,5.69,68.6,45.52,Low
34,Weekend,5.16,7.5,1,4,0,7.62,66,47.94,Low
34,Weekend,4.23,6.83,3,5,1,5.85,56.7,55.24,Low
34,Weekend,5.72,8.95,1,2,0,6.22,59.3,57.97,Low
34,Weekend,3.67,5.47,2,4,1,8.46,57.5,59.8,Low
34,Weekday,8.37,10.29,4,2,1,6.51,57.4,68.82,Low
34,Weekday,8.55,10.69,6,1,0,8.09,52.3,79.32,Medium
34,Weekday,8.4,10.69,1,2,0,7.01,42.5,89.1,Medium
35,Weekday,8,11.66,2,1,1,6.37,83.6,21.47,Low
35,Weekday,10.27,13.91,2,4,0,8.53,73.8,35.11,Low
35,Weekend,3.45,6.49,0,1,0,8.12,80.2,32.62,Low
35,Weekday,7.45,9.78,2,2,1,9.16,76.4,41.61,Low
35,Weekend,4.96,6.75,0,5,0,5.69,73.1,44.41,Low
35,Weekday,8.28,10.18,5,4,0,6.26,68.3,56.09,Low
35,Weekend,3.2,5.11,1,3,0,7.67,58.7,59.21,Low
35,Weekend,4.04,7.2,0,5,1,4.74,67,59.28,Low
35,Weekend,4.4,7.56,0,3,1,6.77,59.9,65.46,Low
35,Weekday,6.47,10.13,3,3,1,4.5,43.7,82.19,Medium
36,Weekday,7.76,11.65,1,4,0,8.56,90,16.3,Low
36,Weekend,3.94,7.17,0,4,0,6.46,92,15.82,Low
36,Weekday,8.5,10.8,3,2,0,6.66,83.6,23.79,Low
36,Weekend,4.22,7.83,0,3,1,6.63,77.7,27.79,Low
36,Weekend,3.11,6.66,1,3,0,9.1,87.4,23.42,Low
36,Weekday,9.73,12.15,5,3,0,7.48,85.4,29.83,Low
36,Weekend,3,5.14,1,3,0,5.95,78.5,32.74,Low
36,Weekend,3.96,7.46,1,2,0,6.91,79.8,33.25,Low
36,Weekday,7.48,10.63,3,1,1,6.41,71.2,42.01,Low
36,Weekday,8.93,11.04,1,4,1,6.73,67.4,48.11,Low
37,Weekday,7.81,9.84,0,4,0,7.04,80.4,19.91,Low
37,Weekday,11.03,14.09,2,2,0,5.98,82.4,25.67,Low
37,Weekend,3.99,7.66,1,5,0,7.82,94.7,20.84,Low
37,Weekday,10.32,12.6,1,3,0,9,82,30.2,Low
37,Weekend,3.26,4.8,0,1,0,6.4,77.3,32.23,Low
37,Weekday,8.58,12.09,1,1,0,5.54,79.6,36.3,Low
37,Weekday,8.04,11.84,2,2,1,9.11,67.8,45.49,Low
37,Weekday,8.5,12.26,9,2,1,7.2,62.9,55.36,Low
37,Weekend,6.36,10.15,2,3,1,7.96,64.5,58.19,Low
37,Weekend,3.37,7.36,0,1,0,7.56,67.1,57.56,Low
38,Weekend,6.42,8.82,0,3,0,6.63,90.2,17.38,Low
38,Weekend,5.65,8.33,1,2,0,5.69,80.1,25.47,Low
38,Weekday,5.94,8.88,4,5,0,5.86,75.8,32.1,Low
38,Weekend,3,4.7,0,1,0,6.86,79.1,30.59,Low
38,Weekend,5.63,8.4,1,1,0,6.82,78.2,34.72,Low
38,Weekend,7.08,8.78,0,4,1,7.68,66.5,43.74,Low
38,Weekday,9.33,13.18,2,1,0,7.65,60.8,54.58,Low
38,Weekend,3,6.26,1,1,1,6.17,61.3,57.23,Low
38,Weekend,3.3,6.94,1,1,0,6.28,68.7,56.02,Low
38,Weekday,9.06,12.67,1,3,0,5.82,48.8,71.81,Medium
39,Weekday,8.82,10.8,4,3,1,6.68,82.9,26.43,Low
39,Weekend,5.08,7.4,3,3,1,7.27,76.6,33.72,Low
39,Weekday,8.2,10.64,3,4,1,6.27,67.6,46.01,Low
39,Weekday,12.14,15.22,1,1,0,5.17,64.2,60.03,Low
39,Weekend,3.49,6.38,1,5,1,6.02,54,66.01,Low
39,Weekend,3.93,7.14,2,4,0,6.45,47.3,70.4,Medium
39,Weekend,4.28,6.62,2,3,0,6.05,56.5,69.1,Low
39,Weekend,4.29,7.61,0,5,1,6.3,52.7,72.87,Medium
39,Weekday,9.98,12.74,2,2,1,5.51,42.7,88.42,Medium
39,Weekday,8.35,12.1,2,5,1,6.54,40,97.76,Medium
40,Weekday,9.53,11.8,4,4,0,8.02,81.8,24.88,Low
40,Weekend,5.51,8.18,0,3,1,6.92,81.7,29.62,Low
40,Weekend,4.95,6.78,1,2,0,6.96,76.7,34.35,Low
40,Weekday,9.56,11.73,3,4,1,6.14,66,51.07,Low
40,Weekend,4.21,7.77,2,4,0,6.67,72.5,50.96,Low
40,Weekend,3,6.9,3,2,1,5.24,66,59.05,Low
40,Weekday,8.47,12.23,2,4,0,5.01,47.8,76.15,Medium
40,Weekend,5.35,7.87,1,4,1,7.9,44.2,81.53,Medium
40,Weekday,7.63,11.2,1,4,0,6.47,40.8,89.69,Medium
40,Weekday,6.86,10.67,3,1,0,8.14,40,97.46,Medium
41,Weekday,9.7,12.8,4,4,1,6.74,82.8,30.28,Low
41,Weekend,6.03,7.76,1,4,0,7.15,76.2,36.45,Low
41,Weekday,8.77,10.9,5,2,0,10.09,66.5,50.36,Low
41,Weekday,8.76,10.32,1,5,1,7.99,58.4,62.34,Low
41,Weekend,5.38,7.91,1,1,1,6.82,50.6,72.38,Medium
41,Weekday,7.4,10.03,1,3,0,7.77,49.2,79.17,Medium
41,Weekday,9.58,11.26,2,2,0,10.8,40.9,90.61,Medium
41,Weekday,6.62,8.76,1,1,0,7.25,44.6,95.34,Medium
41,Weekend,3.76,6.4,1,3,0,8.64,47.5,93.89,Medium
41,Weekend,3.1,6.3,1,1,0,7.07,40,98.17,Medium
42,Weekday,7.55,11.09,0,2,1,6.77,90.4,21.29,Low
42,Weekend,3,4.62,1,1,0,8.78,78,25.26,Low
42,Weekday,8.36,12.08,1,1,0,6.07,66.8,39.18,Low
42,Weekday,8.1,9.64,1,5,0,6.94,80.8,39.19,Low
42,Weekend,5.12,8.95,1,2,0,6.65,63.1,50.34,Low
42,Weekday,8.97,12.25,1,1,0,6.38,49.9,65.5,Low
42,Weekend,3.26,6.96,1,5,0,8.47,65.8,57.88,Low
42,Weekend,5.44,7.09,0,4,0,5.48,55.4,64.71,Low
42,Weekday,5.36,9.3,2,5,1,7.34,65.9,65.68,Low
42,Weekend,6.35,9.66,2,3,0,6.32,53.3,76.75,Medium
43,Weekend,5.29,6.91,1,3,1,7.53,88.3,13.86,Low
43,Weekday,9.19,11.4,2,3,0,8.24,93.5,18.1,Low
43,Weekday,7.58,9.85,1,1,1,6.32,79,31.17,Low
43,Weekend,3.18,6.84,0,2,1,5.1,85.1,31.46,Low
43,Weekday,8.15,11.49,2,3,1,8.82,76.9,41.46,Low
43,Weekend,6.98,9.24,2,4,1,7.26,63,52.58,Low
43,Weekday,9.34,13.14,4,4,0,6.86,51.1,65.87,Low
43,Weekend,5.49,8.91,2,3,0,6.33,66.3,63.55,Low
43,Weekday,8.46,11.05,6,1,0,6.68,55.8,77.13,Medium
43,Weekday,8.03,11.29,0,1,0,7.09,45.6,86.9,Medium
44,Weekend,3.97,6.18,1,3,1,7.98,94.3,10.29,Low
44,Weekend,4.1,7.43,1,1,1,6.72,90.6,16.54,Low
44,Weekend,5.22,7.13,1,4,0,7.87,86.7,19.66,Low
44,Weekend,3.98,6.08,1,5,0,7.82,83.3,20.45,Low
44,Weekend,3.13,4.72,1,2,1,6.15,90.7,20,Low
44,Weekday,7.58,11.07,1,1,1,7.5,77.2,34.62,Low
44,Weekday,9.28,12.74,4,3,0,5.95,62.6,52.47,Low
44,Weekday,9.12,12.18,3,3,1,6.12,53.5,68.78,Low
44,Weekend,4.38,7.96,4,5,0,6.97,50.8,73.27,Medium
44,Weekend,4.37,7.12,0,3,0,5.9,62,70.7,Medium
45,Weekday,10.59,13.19,7,2,0,4.76,83.4,25.87,Low
45,Weekend,4.43,6.24,1,3,1,7.53,68.8,33.36,Low
45,Weekday,7.17,9.33,3,2,0,7.57,79,33.14,Low
45,Weekday,7.63,9.96,7,1,0,7.02,73.3,41.72,Low
45,Weekday,11.07,14.66,4,3,1,7.03,67.8,52.59,Low
45,Weekend,4.33,7.81,1,4,0,7.06,51.2,60.13,Low
45,Weekend,5.38,9.08,1,4,1,8.07,63.4,57.65,Low
45,Weekday,9.57,11.11,0,5,0,4.64,71.9,59.02,Low
45,Weekend,3.89,5.68,3,2,0,7.78,61.5,64.3,Low
45,Weekend,4.08,6.32,0,2,1,7.32,63.2,65.04,Low
46,Weekday,7.18,8.8,2,3,1,9.34,79.7,18.09,Low
46,Weekday,8.8,12.08,5,4,0,8.06,82.3,26,Low
46,Weekday,8.53,11.95,4,2,1,8.08,79.9,37.54,Low
46,Weekend,3.24,6.14,1,4,0,5.17,75.6,40.24,Low
46,Weekday,8.38,10.49,7,2,0,8.1,58.8,57,Low
46,Weekend,4.54,6.15,1,3,0,6.94,64.6,56.09,Low
46,Weekday,9.93,11.67,5,4,0,6.28,58.8,69.26,Low
46,Weekend,3,4.65,3,4,1,7.33,44.7,76.68,Medium
46,Weekday,7.1,8.68,5,2,0,8.1,45.8,83.14,Medium
46,Weekend,3.83,5.52,0,4,0,7.11,46.6,82.17,Medium
47,Weekend,3,5.6,2,1,1,7.1,90.6,14.34,Low
47,Weekday,7.4,10.85,2,5,1,6.35,78.6,25.11,Low
47,Weekday,7.52,9.91,1,3,0,7.78,74.5,30.62,Low
47,Weekend,3.72,6.05,0,5,0,7.28,81.1,27.19,Low
47,Weekend,3.8,7.73,0,3,0,5.17,88.8,25.59,Low
47,Weekend,5.39,9.35,0,5,1,5.66,84.5,30.81,Low
47,Weekday,8.11,11.86,0,3,0,6.21,72.9,40.63,Low
47,Weekday,8.44,11.65,3,3,1,9.59,72.2,47.35,Low
47,Weekend,3,6.85,0,1,1,5.54,61,54.32,Low
47,Weekday,9.58,11.37,0,4,0,5.75,62.5,59.61,Low
48,Weekend,3,6.5,1,2,1,6.82,89.7,11.9,Low
48,Weekend,3.28,6.88,0,3,0,6.67,98.5,8.46,Low
48,Weekend,3,6.62,0,5,1,6.79,85.9,13.77,Low
48,Weekday,9.26,12.36,3,3,0,7.22,91.2,15.85,Low
48,Weekday,8.73,12,5,3,0,8.2,89.4,20.71,Low
48,Weekday,10.52,12.19,0,2,1,8.35,79.7,28.97,Low
48,Weekday,8.19,10.3,7,4,0,6.9,71.4,36.7,Low
48,Weekday,8.86,12.67,1,3,1,6.06,81.2,37.38,Low
48,Weekend,5.51,8.32,0,5,0,7.49,75.5,40.28,Low
48,Weekend,4.89,7.12,1,1,0,6.06,80.5,39.88,Low
49,Weekday,11.13,14.85,4,3,0,6.33,88.7,17.44,Low
49,Weekday,7.76,9.59,0,2,0,5.74,88.3,20.17,Low
49,Weekend,4.15,7.91,1,2,0,7.08,89.7,20.5,Low
49,Weekend,5.54,7.5,3,4,0,8.78,82.1,24.57,Low
49,Weekend,6.11,7.92,1,3,1,7.95,73.6,29.81,Low
49,Weekend,4.24,7.17,0,2,0,7.37,85.2,25.64,Low
49,Weekday,10.57,13.43,3,1,0,4.8,78.3,33.81,Low
49,Weekday,7.72,9.36,0,2,1,6.98,77.3,37.05,Low
49,Weekday,8.52,11.4,2,4,0,6.89,72.8,41.84,Low
49,Weekend,4.41,8.09,0,2,0,7.88,72.5,42.5,Low
50,Weekday,9.82,13.4,1,2,0,7.53,92.6,14.68,Low
50,Weekend,4.31,7.02,2,4,1,8.51,88.5,17.53,Low
50,Weekend,3,6.74,1,4,0,8.84,98.3,13,Low
50,Weekday,8.76,12.01,1,5,1,7.72,91.1,19.65,Low
50,Weekday,9.02,12.44,2,4,1,6.14,81.8,28.38,Low
50,Weekday,7.27,9.11,3,4,1,4.94,77.1,34.51,Low
50,Weekend,4.9,6.41,2,4,0,6.29,79.1,34.9,Low
50,Weekday,6.86,9.73,2,2,0,8.16,77.4,38.11,Low
50,Weekend,4.43,7.42,2,5,1,8.2,75.2,40.22,Low
50,Weekday,6.44,9.74,2,5,1,5.87,71.3,45.03,Low
51,Weekday,8.33,10.41,2,3,1,7.49,87.4,14.95,Low
51,Weekday,10.98,12.49,9,3,0,5.28,80.2,26.37,Low
51,Weekend,6.69,9.64,0,5,0,6.94,79.8,28.29,Low
51,Weekday,9.42,11.77,3,3,1,7.81,83.3,32.55,Low
51,Weekday,9.61,11.19,4,4,1,6.51,75.1,41.99,Low
51,Weekend,4.6,7.11,3,3,0,5.76,71.5,45.56,Low
51,Weekend,4.42,7.69,1,1,0,7.46,75.1,45.44,Low
51,Weekday,9.37,12.93,5,5,0,8,57.4,57.66,Low
51,Weekend,5.46,7.59,0,4,0,7.33,58.3,58.12,Low
51,Weekday,7.23,10.57,3,5,0,8.94,65.1,57.97,Low
52,Weekend,5.74,8.82,0,5,0,7.9,96,8.94,Low
52,Weekend,3.19,4.78,2,2,0,6.72,93.8,10.75,Low
52,Weekend,4.58,7.74,1,2,0,6.67,83.1,17.83,Low
52,Weekday,11.88,15.7,2,2,1,6.27,74.3,36.68,Low
52,Weekend,4.04,6.48,1,1,0,6.81,79.4,36.75,Low
52,Weekend,3.47,6.14,0,5,0,7.87,87.5,31.89,Low
52,Weekday,8.41,11.46,3,1,0,5.23,66.6,50.7,Low
52,Weekend,4.13,7.28,0,1,0,8.75,63,52.78,Low
52,Weekend,4.42,7.17,0,2,0,7.09,70,51.43,Low
52,Weekday,10.05,13.6,3,3,0,8.06,61.1,65.12,Low
53,Weekday,9.2,10.73,2,5,0,5.57,87.6,17.89,Low
53,Weekend,3.44,7.15,4,2,1,7.34,89,19.81,Low
53,Weekday,8.51,11.45,2,2,0,7.01,93.3,22.38,Low
53,Weekend,4.54,6.6,0,1,0,6.98,81.4,28.1,Low
53,Weekday,7.69,9.55,3,5,0,4.65,74.7,34.72,Low
53,Weekend,5.39,7.93,1,5,0,6.55,79.3,34.07,Low
53,Weekend,5.53,8.67,0,1,1,6.88,69.4,40.84,Low
53,Weekend,5.99,8.84,0,1,0,9.86,73.4,40.38,Low
53,Weekday,8.68,10.58,4,5,1,8.94,61.6,49.53,Low
53,Weekend,3.4,6.13,2,2,0,7.18,74.8,44.98,Low
54,Weekday,8.3,10.26,3,4,0,6.69,82.2,20.88,Low
54,Weekday,6.97,8.75,3,3,1,10.21,88.6,23.95,Low
54,Weekday,10.61,12.96,4,3,1,6.88,66.1,46.42,Low
54,Weekend,4.34,7.13,1,4,1,6.49,65.2,50.07,Low
54,Weekend,3.09,5.75,0,1,0,5.46,76.4,46.8,Low
54,Weekday,8.21,10.67,6,2,1,9.49,68.9,60.2,Low
54,Weekend,4.75,7.7,0,1,1,6.18,44.5,74.74,Medium
54,Weekday,6.45,8.58,5,4,0,6.42,53.7,77.76,Medium
54,Weekday,7.37,10.08,1,5,1,6.75,55.2,83.77,Medium
54,Weekday,8.55,12.26,0,3,0,7.72,40,96.31,Medium
55,Weekend,4.67,6.46,0,3,1,6.04,96.5,8.22,Low
55,Weekday,7.37,10.22,0,1,0,7.8,88.9,14.27,Low
55,Weekend,4.73,7.51,4,5,1,6.9,84.7,18.85,Low
55,Weekday,9.26,11.69,0,2,0,6.37,81.6,24.69,Low
55,Weekday,9,11.39,3,2,1,7.93,83.9,29.7,Low
55,Weekend,6.43,8.67,0,1,1,8.94,78.1,34.75,Low
55,Weekday,8.73,10.33,3,4,1,9.76,66.9,43.62,Low
55,Weekday,9.61,13.27,2,5,0,6.8,67.3,48.46,Low
55,Weekend,5.55,7.79,0,4,1,6.89,72.1,48.67,Low
55,Weekend,3.85,5.63,2,3,1,7.52,63,53.79,Low
56,Weekend,5.63,7.22,2,1,1,6.62,93.8,12.97,Low
56,Weekend,4.19,8.02,2,1,1,6.67,86.6,19.27,Low
56,Weekend,5.84,8.54,1,5,0,5.59,85.6,21.98,Low
56,Weekend,5.51,7.77,4,3,1,5.83,79.1,29.28,Low
56,Weekday,8.01,10.91,0,5,1,6.77,84,31.68,Low
56,Weekday,9.7,12.3,4,5,0,6.75,77.8,40.41,Low
56,Weekday,9.14,10.91,2,5,0,4.84,69.9,49.1,Low
56,Weekday,9.14,11.31,4,4,1,6.19,58.8,60.81,Low
56,Weekend,5.61,7.53,1,4,0,7.23,61.9,61.05,Low
56,Weekday,9.44,12.39,5,5,1,9.44,59.7,68.45,Low
57,Weekday,9.07,12.94,0,2,0,8.44,84.9,20.31,Low
57,Weekday,9.14,10.93,2,2,0,4.89,77.9,31.21,Low
57,Weekend,5.15,7.72,1,2,0,9.09,78.2,32.48,Low
57,Weekend,4.58,6.3,2,1,0,6.86,70.7,38.02,Low
57,Weekend,3,5.43,1,1,0,6.94,77.5,35.84,Low
57,Weekday,6.98,9.75,3,4,0,8.51,72.2,41.99,Low
57,Weekday,7.6,9.81,4,3,0,8.17,65.4,50.28,Low
57,Weekday,10.04,12.92,2,3,0,5.83,58.2,61.71,Low
57,Weekend,4.29,7.66,2,1,0,9.29,57.1,63.69,Low
57,Weekend,3.98,7.51,1,2,1,8.29,52.2,67.96,Low
58,Weekday,8.9,12.13,6,5,1,7.27,81.9,27.52,Low
58,Weekend,5.12,7.18,3,2,1,5.8,77.8,36.44,Low
58,Weekday,8.11,10.22,3,5,0,6.62,69.6,47.39,Low
58,Weekday,9.33,12.84,1,5,1,6.93,64.6,59.71,Low
58,Weekday,8.98,11.76,2,5,0,5.9,58.3,71.25,Medium
58,Weekend,3.94,6.05,1,5,1,7.34,52.3,75.26,Medium
58,Weekend,4.59,8.41,0,4,0,5.2,50.6,78.72,Medium
58,Weekday,4.8,7.32,3,1,0,7,45.7,85.42,Medium
58,Weekend,5.23,7.17,2,3,0,7.69,43.4,89.24,Medium
58,Weekend,4.24,8.01,0,3,0,6.07,44.1,91.05,Medium
59,Weekday,7.33,9.28,1,4,0,7.94,89.7,14.01,Low
59,Weekend,3.51,7.3,0,4,0,5.02,90.8,14.55,Low
59,Weekday,10.48,13.07,4,2,0,5.98,79.4,29.03,Low
59,Weekday,9.57,13.41,6,5,0,8.25,76.2,38.56,Low
59,Weekend,5.27,7.42,0,2,0,7.8,70.2,42.39,Low
59,Weekend,4.85,7.19,2,3,1,5.4,65,48.86,Low
59,Weekend,6.01,9.21,0,4,1,7.45,62.8,53.17,Low
59,Weekday,9.44,11.31,2,2,0,7.91,56.1,62.42,Low
59,Weekend,5.1,6.86,0,4,1,6.24,60.3,63.37,Low
59,Weekend,5.14,6.73,1,4,1,7.9,59.6,65.93,Low
60,Weekend,3.69,6.21,0,1,0,6.24,92.2,8.88,Low
60,Weekday,7.64,11.5,3,1,1,6,92,14,Low
60,Weekend,3,5.86,0,5,1,6.39,88.6,15.61,Low
60,Weekday,9.64,12.41,6,2,0,5.95,81.7,24.29,Low
60,Weekend,5.4,8.41,1,5,0,7.26,89.8,22.03,Low
60,Weekend,7.04,9.2,1,5,0,8.69,82.8,26.18,Low
60,Weekday,9.45,13.11,2,2,0,6.5,88.7,28.47,Low
60,Weekend,5.11,8.75,2,5,0,7.61,79.7,33.15,Low
60,Weekend,4.56,6.68,2,1,0,6.41,78.6,35.24,Low
60,Weekend,5.07,7.81,0,2,0,7.19,73.1,38.45,Low
61,Weekend,7.56,10.65,0,1,1,6.37,87.4,22.51,Low
61,Weekday,7.12,10.28,5,5,0,7.05,81.5,31.1,Low
61,Weekday,6.8,10.59,5,2,1,5.74,64.4,47.37,Low
61,Weekend,7.69,9.85,0,1,1,6.8,66.6,53.32,Low
61,Weekend,3.26,6.66,2,3,0,8.58,69.9,52.13,Low
61,Weekend,3.51,6.04,0,3,0,7.17,70.7,51.53,Low
61,Weekday,9.27,12.63,2,5,1,6.87,61.4,63.9,Low
61,Weekday,9.1,11.56,1,2,0,7.64,51.1,74.72,Medium
61,Weekday,10.24,13.11,6,3,1,6.68,40,91.83,Medium
61,Weekday,7.88,10.04,5,1,0,7.74,40,99.64,Medium
62,Weekday,7.1,10.06,1,4,1,8.79,92.8,11.15,Low
62,Weekend,3.53,6.55,5,1,1,7.85,80.2,20.4,Low
62,Weekday,9.27,12.24,1,3,1,7.93,77.8,28.58,Low
62,Weekend,4.55,6.26,1,3,1,8.89,77.4,30.29,Low
62,Weekend,4.15,7.2,1,1,0,6.23,87.1,28.68,Low
62,Weekend,3.52,5.33,0,4,1,5.61,75.7,34.58,Low
62,Weekend,4.4,6.42,1,5,0,7.65,83.1,31.68,Low
62,Weekend,3.52,7.36,0,1,0,6.28,83.4,32.94,Low
62,Weekday,9.05,10.73,2,2,0,7.6,74.3,42.81,Low
62,Weekday,8.11,10.88,4,1,0,9.4,77.2,47.78,Low
63,Weekday,9.38,12.6,2,2,0,6.87,88.6,17.14,Low
63,Weekday,9.21,12.8,4,4,0,7.63,89,22.02,Low
63,Weekend,4.18,7.57,2,3,0,4.92,86.2,25.14,Low
63,Weekend,5.62,7.83,0,3,0,8.09,90.9,24.13,Low
63,Weekday,9.43,11.65,1,1,0,5.94,86.8,30.92,Low
63,Weekend,4.7,7.66,0,4,1,6.91,75,37.17,Low
63,Weekday,7.16,9.91,8,5,0,9.09,76.7,40.56,Low
63,Weekend,4.23,5.96,2,5,1,8.13,71.7,43.55,Low
63,Weekday,6.04,9.1,2,1,0,7.99,70.8,46.49,Low
63,Weekday,7.98,11.06,1,4,0,5.15,62.7,53.64,Low
64,Weekday,8.29,11.76,2,4,0,7.64,87.9,20.68,Low
64,Weekday,9.31,11.68,4,3,1,7.93,78,38.45,Low
64,Weekday,8.4,10.51,1,4,0,8,69.2,48.94,Low
64,Weekday,7.1,9.36,4,5,1,7.23,54.1,64.65,Low
64,Weekend,4.67,6.99,0,3,0,7.56,58.4,64.02,Low
64,Weekend,5.35,7.86,2,4,1,7.98,56.6,69.92,Low
64,Weekday,8.4,10.1,1,4,0,7.79,58.8,75.96,Medium
64,Weekend,4.17,8.14,1,3,1,5.78,41.1,88.66,Medium
64,Weekend,4.08,7.24,0,2,0,8.22,41.1,89.22,Medium
64,Weekend,5.75,9.14,0,5,0,7.98,49.1,88.04,Medium
65,Weekend,4.09,7.31,2,2,0,6.9,84.6,14.46,Low
65,Weekend,5.31,7.99,0,3,1,7.14,91.4,16.47,Low
65,Weekday,8.4,11.86,2,4,0,5.46,77.3,32.46,Low
65,Weekday,6.79,9.67,6,3,1,7.1,64.5,49.64,Low
65,Weekend,4.11,6.23,2,5,1,9.82,63.9,50.79,Low
65,Weekday,6.72,8.3,3,4,0,7.04,62.6,57.53,Low
65,Weekday,10.01,11.54,2,3,0,5.55,53.8,73.42,Medium
65,Weekend,6.3,8.94,0,1,0,8.01,48.4,80.16,Medium
65,Weekend,4.98,8.7,0,4,1,8.7,51.9,81.73,Medium
65,Weekend,4.83,7.58,0,3,0,8.09,43.9,86.04,Medium
66,Weekday,9.51,11.17,5,3,0,5.89,82.1,26.35,Low
66,Weekend,4.44,6.7,1,4,0,7.8,84,26.31,Low
66,Weekend,4.77,7.42,1,1,0,6.33,81.8,31.4,Low
66,Weekend,5.24,7.97,2,5,0,6.1,83.5,34.61,Low
66,Weekend,3,6.94,2,1,1,6.44,68.5,45.55,Low
66,Weekday,7.59,11.39,3,2,0,6.52,57.5,60.18,Low
66,Weekend,4.48,7.27,1,5,1,6.1,55.6,64.98,Low
66,Weekday,6.94,9.08,0,4,0,6.3,60.9,67.92,Low
66,Weekend,7.86,11.7,1,4,1,7.86,58.7,77.92,Medium
66,Weekend,4.61,7.26,1,3,1,6.77,43.1,88.82,Medium
67,Weekday,7.78,9.92,3,3,0,7.6,93.2,12.83,Low
67,Weekday,8.62,12.48,4,5,1,7.3,77.5,24.42,Low
67,Weekend,3,4.62,2,4,1,6.11,84.9,22.44,Low
67,Weekend,4.33,6.93,0,4,0,7.33,80.6,24.29,Low
67,Weekday,9.54,12.46,2,2,0,6.73,69.6,33.69,Low
67,Weekday,6.65,9.95,1,1,0,6.98,79.5,32.67,Low
67,Weekend,4.9,7.74,2,4,0,5.14,73.7,36.95,Low
67,Weekday,7.17,9.14,1,4,1,8.26,76.9,38.5,Low
67,Weekday,10.57,13.79,2,1,0,5.85,73.6,46.07,Low
67,Weekday,8.15,9.97,4,3,0,7.04,58.8,56.17,Low
68,Weekend,4.14,6.88,0,5,0,6.2,98.9,5.72,Low
68,Weekend,4.78,7.89,4,4,0,8.45,90,10.5,Low
68,Weekend,4.84,8.55,2,4,0,6.38,93.4,10.49,Low
68,Weekend,5.29,7.81,2,5,1,6.72,88.3,14.37,Low
68,Weekend,5.5,9.05,0,3,0,6.43,90.3,14.9,Low
68,Weekday,9.14,11.31,5,2,0,4.83,85.4,21.82,Low
68,Weekday,7.68,11.48,5,2,0,4.93,94.3,22.71,Low
68,Weekday,8.09,10.47,2,4,1,7.38,70.6,35.5,Low
68,Weekend,4.25,5.91,2,1,1,6.73,80.6,33.32,Low
68,Weekend,3,6.74,1,1,0,8.53,85.9,31.28,Low
69,Weekend,3.86,7.6,2,4,1,6.01,100.1,8.77,Low
69,Weekday,7.87,9.86,6,3,0,7.55,84,26.24,Low
69,Weekend,7.42,9.74,1,4,0,6.38,81.3,34.13,Low
69,Weekend,4.55,7.39,1,3,1,5.01,70.7,44.62,Low
69,Weekend,4.33,7.84,0,1,0,7.73,61.7,50.33,Low
69,Weekend,3.85,7.12,0,5,0,7.28,75.4,44.27,Low
69,Weekday,9.36,13.11,0,4,1,7.02,59.5,62.24,Low
69,Weekday,8.86,12.56,1,2,0,7.43,40,80.18,Medium
69,Weekday,8.66,12.45,4,4,0,6.88,45.1,89.83,Medium
69,Weekday,8.65,11.79,1,3,0,7.77,40,100.54,Medium
70,Weekday,9.92,12.14,6,2,0,5.89,76.6,28.85,Low
70,Weekday,10.92,14.17,0,2,1,6.07,77.5,37.9,Low
70,Weekday,9.48,12.79,3,4,0,6.53,65,50.19,Low
70,Weekday,7.79,9.6,3,5,0,6.53,63,55.8,Low
70,Weekday,9.72,12.34,5,1,0,6.11,47.4,71.52,Medium
70,Weekend,3.68,5.31,3,4,0,7.23,55.5,69.04,Low
70,Weekend,5.74,8.49,1,3,0,6.55,46.9,75.24,Medium
70,Weekend,5.85,9.46,1,3,0,5.86,49.7,77.69,Medium
70,Weekend,3.34,6.48,1,1,1,7.51,48.9,80.07,Medium
70,Weekday,9.02,10.9,2,5,0,9.27,40,87.87,Medium
71,Weekday,8.51,10.26,2,2,0,5.68,87.3,15.63,Low
71,Weekday,9.2,10.85,6,2,1,8.08,79.7,25.96,Low
71,Weekday,8.47,12.04,4,4,0,6.03,78.9,32,Low
71,Weekday,10.38,14.12,3,5,1,6.1,72.9,42.01,Low
71,Weekday,8.28,11.48,2,5,1,6.23,66.3,50.02,Low
71,Weekday,10.57,13.49,4,3,1,5.83,59.8,61.17,Low
71,Weekend,3,5.43,3,2,0,6.51,59.6,62.34,Low
71,Weekend,4.96,8.26,2,3,0,4.71,63.9,63.49,Low
71,Weekday,8.43,10.93,4,5,1,7.27,49.2,75.08,Medium
71,Weekend,6.25,8.38,1,4,1,7.3,55.4,75.57,Medium
72,Weekday,8.54,12.07,2,2,0,7.61,92.6,18.73,Low
72,Weekday,6.48,8.4,3,4,1,7.34,89.4,26.4,Low
72,Weekday,10.8,12.53,2,4,1,8.16,74.8,42.93,Low
72,Weekday,8.27,10.85,2,3,0,7.97,57.5,56.48,Low
72,Weekday,9.09,13.02,3,4,0,6.81,60.6,64.48,Low
72,Weekend,3.11,5.48,2,1,1,6.5,59.8,68.22,Low
72,Weekend,5.44,7.88,0,3,0,7.47,58.7,70.62,Medium
72,Weekend,5.87,7.68,1,4,0,6.33,51.9,76.54,Medium
72,Weekday,7.89,10.66,2,3,1,7.74,50.1,85.36,Medium
72,Weekend,3.33,5.79,1,5,0,8,50.8,83.75,Medium
73,Weekday,8.7,12.67,3,2,0,7.99,95.7,13.11,Low
73,Weekend,5.87,7.94,0,2,0,7.95,94.2,14.96,Low
73,Weekday,10.05,13.87,3,4,1,6.25,80.2,26.93,Low
73,Weekend,3.51,7.17,1,4,0,8.07,75.8,28.57,Low
73,Weekday,8.7,12.18,2,2,0,6.56,86.7,28.74,Low
73,Weekend,3.1,5.17,1,1,0,6.86,81.6,31.15,Low
73,Weekday,6.79,10.62,2,3,0,7.39,80.9,34.26,Low
73,Weekend,6.1,8.95,2,3,0,6.3,67.7,42.12,Low
73,Weekday,8.56,11.93,2,1,1,6.67,72.1,45.83,Low
73,Weekday,10.25,11.82,4,5,0,8.33,59.9,55.23,Low
74,Weekend,3.68,6.28,0,3,1,7.75,102.7,9.51,Low
74,Weekend,3.64,6.83,1,5,0,7.4,97,11.56,Low
74,Weekend,4.39,5.98,1,3,0,7.98,85.6,16.72,Low
74,Weekend,5.52,7.06,2,4,1,7.29,96.7,17.13,Low
74,Weekend,3,5.73,0,3,0,7.58,84.8,20.64,Low
74,Weekday,8.05,12.03,4,3,0,7.46,80,32.11,Low
74,Weekend,5.7,7.82,2,5,1,6.26,68.2,42.48,Low
74,Weekend,3,5.53,0,2,0,6.63,68.6,42.11,Low
74,Weekend,5.99,7.77,0,2,1,5.68,65.6,49.66,Low
74,Weekend,5.73,8.99,0,2,0,6.98,77,48.9,Low
75,Weekend,3.48,7.37,0,3,0,8.69,95.8,8.93,Low
75,Weekday,8.3,10.55,0,1,0,5.87,98.9,10.96,Low
75,Weekday,10.72,13.7,2,2,0,7.21,88.1,20.04,Low
75,Weekend,3,5.21,1,1,0,7.81,83,22.05,Low
75,Weekday,6.86,8.55,3,5,0,6.25,91.9,20.83,Low
75,Weekend,4.87,8.56,0,4,1,7.58,77.1,28.06,Low
75,Weekday,8.37,10.64,4,3,1,7.2,75.3,33.18,Low
75,Weekend,3.11,5.81,2,1,1,6.79,91.6,28.14,Low
75,Weekend,7.12,8.98,1,2,0,8.5,73.8,37.16,Low
75,Weekend,5.5,8.68,1,3,0,6.92,81.1,35.68,Low
76,Weekend,7.56,10.67,2,4,1,6.23,84.6,20.25,Low
76,Weekend,5.91,8.9,2,3,1,6.78,79.1,27.75,Low
76,Weekday,9.02,12.79,2,4,0,6.77,83.4,33.13,Low
76,Weekend,3.81,6.69,1,4,0,6.25,85.2,33.32,Low
76,Weekday,7.28,11.24,3,2,1,6.79,68.6,47.98,Low
76,Weekday,8.73,10.5,3,3,0,5.33,60.1,59.14,Low
76,Weekend,5.28,7.01,2,4,0,5.88,58.4,62.62,Low
76,Weekend,3.42,7.11,0,4,0,8.54,70,56.96,Low
76,Weekday,6.34,8.71,6,4,1,4.5,54.4,71.77,Medium
76,Weekend,5.15,7.33,1,3,1,6.65,53.3,75.89,Medium
77,Weekday,7.13,9.09,5,1,0,6.39,83,18.98,Low
77,Weekend,4.47,8.27,0,5,0,6.45,95.3,14.84,Low
77,Weekday,7.59,11.59,1,4,0,8.11,76,26.29,Low
77,Weekend,4.6,7.27,0,5,0,8.18,89.8,20.52,Low
77,Weekend,3,4.95,2,2,1,5.88,83,25.45,Low
77,Weekend,3,5.81,0,5,0,5.82,92.8,20.97,Low
77,Weekday,7.23,10.09,3,2,0,6.31,88.6,28.07,Low
77,Weekend,6.51,8.45,0,1,1,7.33,74.3,37.99,Low
77,Weekday,8.87,10.86,2,4,0,7.22,72.9,43.76,Low
77,Weekend,5.43,8.47,1,5,1,6.51,70.1,48.01,Low
78,Weekend,6.52,10.09,2,1,0,6.66,85.9,17.04,Low
78,Weekend,5.74,8.22,1,1,1,9.36,86.3,20.57,Low
78,Weekend,3,4.71,0,5,0,7.62,92.6,15.94,Low
78,Weekday,9.76,12.18,7,5,1,6.89,75.3,34.11,Low
78,Weekend,3.6,5.36,1,3,0,6.81,73.5,35.14,Low
78,Weekday,8.92,11.58,2,5,0,6.58,77.5,39.95,Low
78,Weekday,8.65,10.73,2,2,1,7.04,47.9,59.99,Low
78,Weekday,8.85,11.11,3,3,1,6.93,68.7,60.37,Low
78,Weekend,4.79,7.15,2,4,0,7.68,55.6,67.12,Low
78,Weekday,7.6,9.59,4,4,0,7.87,59.4,71.06,Medium
79,Weekend,3.65,6.56,1,4,0,8.58,95.5,7.11,Low
79,Weekday,9.57,12.39,2,3,1,6.02,82.3,22.5,Low
79,Weekend,3.74,6.91,1,1,1,8.02,85.7,23.74,Low
79,Weekend,7.1,8.62,0,3,0,5.9,92.6,25.18,Low
79,Weekend,4.6,6.75,1,1,1,6.28,77,35.63,Low
79,Weekend,5.07,8.17,0,5,0,5.48,83.6,34.94,Low
79,Weekday,8.08,10.18,3,4,1,6.21,66.9,49.85,Low
79,Weekday,8.11,10.93,5,4,0,5.67,57.9,61.89,Low
79,Weekend,3.49,5.15,1,4,1,6.76,55.5,64.18,Low
79,Weekend,4.4,7.37,2,5,0,6.32,62.3,63.25,Low
80,Weekday,9.82,11.47,2,1,1,6.58,79.4,22.2,Low
80,Weekday,9.74,12.27,2,2,1,7.79,82.5,26.41,Low
80,Weekday,9.09,10.96,2,1,0,6.97,86.4,29.34,Low
80,Weekday,9.28,12.48,2,5,0,8.76,76.2,36.87,Low
80,Weekend,4.63,7.77,0,1,0,6.5,73.3,39.41,Low
80,Weekend,5.28,8.23,0,1,1,6.95,69.7,43.32,Low
80,Weekday,7.02,9.51,3,2,0,7.36,67.4,47.47,Low
80,Weekend,4.36,6.73,4,3,0,8.11,72.8,46.69,Low
80,Weekend,3,6.76,1,3,0,4.98,66,50.24,Low
80,Weekend,3.72,7.6,0,1,0,8.21,68.5,49.6,Low
81,Weekday,7.83,11.53,2,2,0,6.58,96,15.45,Low
81,Weekend,4.04,7.83,1,4,0,7.2,98.6,15.68,Low
81,Weekend,5.98,7.78,3,5,1,4.62,86.6,28.55,Low
81,Weekend,3.4,6.3,1,1,1,7.87,80.4,33.88,Low
81,Weekend,5.78,8.81,0,4,1,8.02,77.6,39.13,Low
81,Weekend,4.49,7.33,1,4,0,7.72,70.6,43.01,Low
81,Weekend,4.21,6.55,1,3,0,7.36,67,45.66,Low
81,Weekend,3.8,6.38,1,3,1,7.38,73.6,45.68,Low
81,Weekend,4.85,8.68,0,2,0,7.39,64,52.15,Low
81,Weekend,5.18,7.81,0,1,0,8.96,67.2,52.69,Low
82,Weekday,8.78,12.09,2,2,0,8.16,82.4,24.68,Low
82,Weekend,5.36,8.4,0,1,0,8.72,89,24.12,Low
82,Weekday,10.76,12.4,4,1,0,7.76,67.5,44.09,Low
82,Weekday,8.5,12.19,3,5,1,9.12,63.1,53.78,Low
82,Weekend,4.34,6.85,2,5,1,7.31,73.2,52.46,Low
82,Weekday,7.27,10.82,2,4,0,6.56,59,64.17,Low
82,Weekday,7.46,9.03,2,4,0,6.64,54.3,71.46,Medium
82,Weekday,7.93,9.71,2,4,1,7.92,49.8,80.23,Medium
82,Weekend,6.21,9.72,2,5,1,5.64,43.6,89.25,Medium
82,Weekend,5.41,7.61,1,1,0,5.8,40,94.95,Medium
83,Weekday,8.37,10.62,3,1,0,6.97,81.8,26.39,Low
83,Weekend,3.48,6.44,0,4,0,6.92,80.2,26.63,Low
83,Weekend,3,6,2,2,0,6.57,86.4,25.52,Low
83,Weekend,4.9,8.68,2,2,0,6.25,79.7,32.66,Low
83,Weekday,9.68,11.63,2,2,1,7.33,65.6,49.26,Low
83,Weekend,3.67,5.83,1,3,0,7.02,70.8,47.69,Low
83,Weekday,8.74,11.54,5,4,1,6.76,49.4,67.85,Low
83,Weekend,4.38,7.76,0,3,0,4.94,57.3,67.38,Low
83,Weekday,8.41,11.81,4,2,1,7.38,40,85.55,Medium
83,Weekend,5.76,8.9,0,4,1,6.94,40,89.96,Medium
84,Weekday,7.46,10.34,2,4,0,5.88,76.6,19.27,Low
84,Weekday,7.78,10.6,3,2,0,8.21,88.6,18.91,Low
84,Weekend,4.4,7.81,2,3,0,5.61,79.3,24.84,Low
84,Weekday,6.31,8.06,3,1,0,8.92,88.9,23.95,Low
84,Weekend,5.38,6.99,2,5,1,6.34,79.4,30.5,Low
84,Weekday,7.44,9.2,1,4,0,5.49,81.8,33.18,Low
84,Weekend,6.25,9,0,1,0,7.42,81.4,35.87,Low
84,Weekday,8.03,10.77,2,4,0,4.62,71.9,44.82,Low
84,Weekend,5.24,8.31,2,2,0,7.8,71.6,47.12,Low
84,Weekday,9.12,11.46,4,5,1,5.93,58.8,59.22,Low
85,Weekend,5.11,6.83,1,2,0,8.79,89.7,13.75,Low
85,Weekend,4.7,8.65,2,4,1,5.96,80.3,22.53,Low
85,Weekend,7.09,10.89,2,3,0,5.95,80.2,29.21,Low
85,Weekend,3,6.23,1,3,0,6.99,83,28.2,Low
85,Weekday,8.52,11.98,1,4,0,6.37,77.4,37.44,Low
85,Weekday,8.69,12.44,2,1,1,7.06,71.9,50.05,Low
85,Weekend,5.18,8.17,3,2,0,6.06,62.2,58.85,Low
85,Weekday,9.41,10.99,3,4,0,7.78,58.5,68.03,Low
85,Weekday,10.83,13.57,2,4,1,5.82,40,87.57,Medium
85,Weekend,3,6.39,0,5,0,7.44,51,81.62,Medium
86,Weekend,3,5.38,0,1,0,6.37,88.5,10.57,Low
86,Weekday,7.77,9.46,2,5,0,8.28,90.3,12.34,Low
86,Weekday,8.92,11.09,1,3,0,9.04,100,11.75,Low
86,Weekday,9.08,11.71,3,3,0,7.17,86.6,21.99,Low
86,Weekday,8.55,10.3,3,2,0,7.77,82.2,28.06,Low
86,Weekday,9.25,10.85,0,3,0,4.95,80.6,33.2,Low
86,Weekday,9.26,13.19,5,2,0,8.73,84.1,37.49,Low
86,Weekday,9.79,12.89,5,5,1,7.91,70,49.53,Low
86,Weekend,5.28,8.37,3,1,0,7.91,68.1,52.81,Low
86,Weekday,9.6,12.28,2,4,0,6.84,53.4,63.46,Low
87,Weekend,3,4.74,1,3,0,6.83,89.6,11.87,Low
87,Weekday,10.54,12.13,3,1,0,6.95,83.2,26.64,Low
87,Weekday,7.1,8.66,4,4,1,4.73,67.4,43.1,Low
87,Weekday,9.09,12.9,4,3,1,7.63,56.1,59.99,Low
87,Weekend,3.67,5.48,2,5,1,8.05,61.1,59.27,Low
87,Weekday,8.11,11.93,4,3,0,8.08,40,76.57,Medium
87,Weekday,8.06,10.68,4,3,1,6.44,46.8,85.08,Medium
87,Weekday,7.22,10.16,4,5,0,7.23,41.8,93.93,Medium
87,Weekday,7.91,9.52,5,5,0,6.92,40,102.78,Medium
87,Weekend,3.89,6,2,1,1,7.22,40,106.94,Medium
88,Weekday,7.45,10.47,2,5,0,6.95,86.4,21.51,Low
88,Weekend,5.19,8.43,0,2,0,7.18,85.2,24.65,Low
88,Weekday,11.12,13.42,2,5,0,6.97,75.7,38.65,Low
88,Weekend,3.92,6.71,1,2,0,6.02,70.8,42.83,Low
88,Weekend,5.8,7.87,0,2,0,7.74,58.8,50.17,Low
88,Weekend,5.4,7.64,1,3,0,7.39,70,48.3,Low
88,Weekday,7.4,10.78,1,4,1,7.81,56.4,60.49,Low
88,Weekend,6.95,10.12,0,1,1,5.26,60.6,67.21,Low
88,Weekday,9.15,12.24,5,3,1,6.37,47,85.58,Medium
88,Weekend,4.85,8.66,1,5,1,6.8,45.3,90.09,Medium
89,Weekend,3.18,6.35,1,3,0,7.61,97.3,8.43,Low
89,Weekday,8.02,10.76,4,1,0,7.47,86.5,18.74,Low
89,Weekend,4.7,8.36,1,4,1,6.52,83.4,22.72,Low
89,Weekday,8.27,11,1,3,1,8.37,78.5,29.73,Low
89,Weekend,4.03,7.14,1,1,0,5.07,78.3,32.15,Low
89,Weekday,7,8.64,2,1,1,7.34,75.4,38.44,Low
89,Weekend,4.29,8.15,1,5,0,7.1,80.3,37.23,Low
89,Weekday,8.49,10.73,2,4,0,5.76,73,45.37,Low
89,Weekend,5.23,8.46,2,5,1,6.38,64.6,52.01,Low
89,Weekend,5.26,8.11,1,4,0,6.1,61.4,55.32,Low
90,Weekday,8.18,10.55,6,1,1,8.26,83.6,23.26,Low
90,Weekday,8.84,10.64,2,1,1,7.55,72.7,34.31,Low
90,Weekday,8.7,11.6,0,4,0,7.52,77.8,36.29,Low
90,Weekend,5.01,9,0,4,0,5.26,81.3,36.98,Low
90,Weekend,3.17,5.29,1,1,0,7.36,74.5,40.02,Low
90,Weekday,9.82,12.94,3,5,0,6.46,64.3,50.61,Low
90,Weekend,4.75,7.96,0,2,0,6.02,70.3,50.1,Low
90,Weekend,4.85,7.78,0,3,1,5.27,63.7,55.83,Low
90,Weekend,3.66,5.42,0,2,0,7.89,71.2,52.52,Low
90,Weekday,10.28,13.68,6,1,0,7.64,56.7,67.31,Low
91,Weekday,8.86,12.45,2,4,0,7.9,90.1,15.12,Low
91,Weekend,3.43,5.36,1,1,0,5.93,89.2,16.91,Low
91,Weekday,10.49,13.94,2,2,1,6.83,82.4,30.73,Low
91,Weekday,10.4,13.91,2,1,0,7.32,73,44.1,Low
91,Weekend,5.6,8.06,1,4,1,7.77,69.8,48.81,Low
91,Weekday,9.36,13.03,1,5,1,8.44,69.6,56.18,Low
91,Weekday,10.03,12.83,2,1,1,6.49,50.8,74.6,Medium
91,Weekday,8.53,11.35,2,1,0,6.45,55.4,80.52,Medium
91,Weekday,7.65,11.55,4,5,0,8.52,40,92.31,Medium
91,Weekend,7.38,9.33,1,4,1,7.87,40,97.46,Medium
92,Weekend,4.93,6.84,1,2,0,8.35,94.3,12.81,Low
92,Weekday,9.45,11.15,4,4,0,6.23,91,17.86,Low
92,Weekday,7.54,9.77,1,1,1,9.31,88.4,21.42,Low
92,Weekend,5.93,7.99,2,1,1,6.99,82.9,26.15,Low
92,Weekday,8.59,10.64,2,5,0,7.17,89.2,26.13,Low
92,Weekend,3,6.16,3,4,0,7.99,83.9,28.36,Low
92,Weekend,3.94,7.92,0,3,0,6.69,82.1,29.53,Low
92,Weekday,7.3,10.58,3,4,0,7.54,84.5,30.91,Low
92,Weekday,9.19,10.73,3,4,0,5.3,75.1,38.24,Low
92,Weekday,7.67,10.37,4,1,0,6.84,72.3,42.73,Low
93,Weekday,5.94,9.8,3,5,0,8.24,100,9.32,Low
93,Weekday,7.14,10.84,0,2,0,7.22,88.1,19.51,Low
93,Weekday,8.01,10.95,3,1,0,6.48,79.9,31.89,Low
93,Weekend,4.57,7.58,0,2,0,7.43,76.5,34.82,Low
93,Weekend,4.27,6.98,1,1,0,7.94,83.7,33.73,Low
93,Weekday,8.86,11.47,4,4,0,6.72,68.9,48.94,Low
93,Weekend,5.31,8.18,0,5,0,6.94,67.4,51.05,Low
93,Weekend,3.17,5.83,2,5,0,7.81,84.2,43.62,Low
93,Weekday,6.56,9.43,5,4,0,6.54,63.2,59.18,Low
93,Weekend,4.04,7.06,0,5,1,6.8,60.9,61.82,Low
94,Weekday,6.88,9.18,2,3,0,9.16,89.5,16.95,Low
94,Weekday,8.79,10.59,3,4,0,8.29,77.3,29.66,Low
94,Weekday,8.36,10.37,2,4,1,6.58,66.2,43.84,Low
94,Weekday,7.25,9.48,4,1,0,6.64,62.3,54.55,Low
94,Weekday,10.08,13.79,2,4,0,7.34,54.7,68.15,Low
94,Weekday,8.2,12,4,4,0,8.5,52.6,77.49,Medium
94,Weekend,5.11,8.46,0,5,1,6.88,49.4,82.34,Medium
94,Weekday,7.69,9.95,5,2,1,8.67,40,96.6,Medium
94,Weekday,7.97,9.64,0,2,1,7.66,40,104.35,Medium
94,Weekday,8.42,10.81,4,3,0,6.44,40,114.46,High
95,Weekday,9.45,11.63,2,2,1,5.69,84.9,22.68,Low
95,Weekend,3.78,6.53,0,3,0,7.2,88.8,21.2,Low
95,Weekend,5.56,7.84,0,2,0,5.89,77.4,27.89,Low
95,Weekend,4.87,7.97,1,2,1,6.36,81.2,29.45,Low
95,Weekend,5.64,7.45,1,4,0,6.73,89,27.91,Low
95,Weekday,7.88,9.45,1,5,0,5.96,65.4,40.7,Low
95,Weekday,8.19,10.12,4,4,0,5.87,68.1,44.78,Low
95,Weekend,6.36,9.09,0,4,0,8.85,71.2,44.76,Low
95,Weekend,5.07,7.55,0,4,1,6.58,64.1,49.65,Low
95,Weekday,9.08,10.68,4,3,0,5.94,68.8,53.78,Low
96,Weekday,8.01,11.68,4,2,0,6.1,83,23.03,Low
96,Weekend,3.58,6.49,1,2,0,6.24,82.4,24.97,Low
96,Weekday,10.38,12.36,2,5,0,6.21,82,34.89,Low
96,Weekend,5.53,9.39,0,3,0,6.55,66.6,44.46,Low
96,Weekend,5.68,8.69,4,2,0,6.98,72.9,48,Low
96,Weekend,6.15,9.27,2,2,1,5.63,63.1,60.02,Low
96,Weekday,8.97,12.61,2,3,0,5.46,52.5,74.25,Medium
96,Weekend,5.98,8.75,1,2,1,7,50.4,81.22,Medium
96,Weekday,7.86,9.81,2,5,1,7.21,44.6,91,Medium
96,Weekend,5.41,7.83,2,2,0,5.88,40,97.69,Medium
97,Weekday,8.85,12.09,1,4,0,7.66,79.8,24.11,Low
97,Weekday,8.17,10.28,2,1,1,5.19,87.4,34.86,Low
97,Weekday,9.69,12.77,2,4,0,5.45,61.1,58.17,Low
97,Weekend,3,6.35,0,1,0,7.96,61.7,57.58,Low
97,Weekday,8.14,12.09,2,4,0,8.53,51.5,69.76,Low
97,Weekend,3,4.76,1,5,0,7.28,65.1,62.27,Low
97,Weekday,6.44,9.39,1,5,1,6.73,49.3,75.62,Medium
97,Weekend,3,4.76,1,5,0,7.76,56.7,70.23,Medium
97,Weekend,4.65,8.64,1,2,0,6.49,58.6,73.76,Medium
97,Weekend,4.26,6.35,0,1,1,8.08,50.6,80.14,Medium
98,Weekend,3.08,5.87,2,5,0,4.79,101.5,4.88,Low
98,Weekend,6.86,9.5,0,2,0,4.5,90.3,17.39,Low
98,Weekend,3.79,5.76,2,4,0,6.6,78.9,23.31,Low
98,Weekday,8.43,10.38,0,4,1,7.08,75.5,33.91,Low
98,Weekend,4.35,8.06,1,5,1,7.08,82.5,34.8,Low
98,Weekday,7.48,9.08,6,3,0,7.78,74.7,48.12,Low
98,Weekday,6.8,9.33,4,1,0,8.4,55.9,64.16,Low
98,Weekday,8.04,11.45,3,3,1,7.11,49.9,78.98,Medium
98,Weekend,6.95,8.47,0,2,0,9.15,49,83.05,Medium
98,Weekend,3,6.22,0,5,1,6.96,44.4,85.3,Medium
99,Weekday,9.84,12.31,0,2,0,6.29,80,21.35,Low
99,Weekday,9.48,13.45,5,4,1,6.5,85.4,28.01,Low
99,Weekday,7.87,10.88,1,2,0,6.67,78.8,35.37,Low
99,Weekday,7.27,9.84,1,1,0,7.1,78.6,39.61,Low
99,Weekend,5.82,9.56,1,5,0,6.89,78.9,41.66,Low
99,Weekend,6.51,8.57,1,1,1,8.41,70.3,49.02,Low
99,Weekend,3.35,6.95,0,3,0,6.85,68.9,49.69,Low
99,Weekend,4.63,7.26,0,4,1,6.64,69.3,51.46,Low
99,Weekday,7.21,10.29,4,4,1,5.8,62.3,60.68,Low
99,Weekday,7.08,10.1,2,4,1,7.43,52.6,69.3,Low
100,Weekday,8.77,12.12,2,3,1,7.35,90.7,22.03,Low
100,Weekday,10.21,14.18,5,3,1,5.59,76.2,41.97,Low
100,Weekday,10.45,14.15,5,1,0,7.43,62.7,59.71,Low
100,Weekend,5.84,9.38,0,5,1,6.12,63.8,63.69,Low
100,Weekday,7.58,11.55,7,2,1,5.83,42.5,84.62,Medium
100,Weekday,8.71,11.34,1,2,0,6.16,44.7,91.5,Medium
100,Weekend,4.4,7.63,1,3,0,5.18,44.1,94.62,Medium
100,Weekday,8.51,11.49,3,2,0,6.93,40,104.67,Medium
100,Weekend,6.66,9.93,1,4,0,8.4,40,107.98,Medium
